Number,Page Classification
1,Settlement Communication
2,"Bills – Medical, Pharmacy"
3,"Bills – Medical, Pharmacy"
4,"Bills – Medical, Pharmacy"
5,"Bills – Medical, Pharmacy"
6,Medical Report Form
7,Medical Report Form
8,Medical Report Form
9,Medical Report Form
10,Medical Report Form
11,Medical Report Form
12,Medical Report Form
13,Medical Report Form
14,Medical Report Form
15,Medical Report Form
16,Medical Report Form
17,Medical Report Form
18,"Bills – Medical, Pharmacy"
19,"Bills – Medical, Pharmacy"
20,Medical Report Form
21,"Bills – Medical, Pharmacy"
22,"Bills – Medical, Pharmacy"
23,Medical Report Form
24,Medical Report Form
25,Medical Report Form
26,Medical Report Form
27,Medical Report Form
28,Medical Report Form
29,Medical Report Form
30,Medical Report Form
31,Medical Report Form
32,Medical Report Form
33,Medical Report Form
34,Medical Report Form
35,Medical Report Form
36,Medical Report Form
37,Medical Report Form
38,Medical Report Form
39,Medical Report Form
40,Medical Report Form
41,"Bills – Medical, Pharmacy"
42,Other
43,Medical Report Form
44,Other
45,Other
46,Other
47,Other
48,Other
49,Other
50,Other
51,Other
52,Medical Report Form
53,Medical Report Form
54,Medical Report Form
55,Medical Report Form
56,Medical Report Form
57,Medical Report Form
58,"Bills – Medical, Pharmacy"
59,"Bills – Medical, Pharmacy"
60,"Bills – Medical, Pharmacy"
61,Other
62,Medical Report Form
63,Medical Report Form
64,Medical Report Form
65,Medical Report Form
66,Medical Report Form
67,Medical Report Form
68,Medical Report Form
69,Medical Report Form